{"(2011,4)":{"small":0.0,"normal":0.03601709,"big":0.96398291},"(2008,8)":{"small":0.0,"normal":0.01525475,"big":0.98474525},"(2009,8)":{"small":0.0,"normal":0.00738305,"big":0.99261695},"(2010,8)":{"small":0.0,"normal":0.00463007,"big":0.99536993},"(2009,10)":{"small":0.0,"normal":0.00713034,"big":0.99286966},"(2010,10)":{"small":0.0,"normal":0.01005466,"big":0.98994534},"(2010,6)":{"small":0.0,"normal":0.004066449999999999,"big":0.99593355},"(2009,6)":{"small":0.0,"normal":0.00730056,"big":0.99269944},"(2008,4)":{"small":0.0,"normal":0.0,"big":1.0},"(2010,4)":{"small":0.0,"normal":0.00676117,"big":0.99323883},"(2008,6)":{"small":0.0,"normal":0.01627312,"big":0.98372688},"(2009,4)":{"small":0.0,"normal":0.01539636,"big":0.98460364},"(2010,3)":{"small":0.0,"normal":0.00671519,"big":0.99328481},"(2011,3)":{"small":0.0,"normal":0.03202754,"big":0.96797246},"(2008,1)":{"small":0.0,"normal":0.0,"big":1.0},"(2009,1)":{"small":0.0,"normal":0.011666,"big":0.988334},"(2010,1)":{"small":0.0,"normal":0.0068378,"big":0.9931622},"(2011,1)":{"small":0.0,"normal":0.02707844,"big":0.97292156},"(2008,10)":{"small":0.0,"normal":0.01313713,"big":0.98686287},"(2008,3)":{"small":0.0,"normal":0.0,"big":1.0},"(2009,3)":{"small":0.0,"normal":0.01558409,"big":0.98441591},"(2010,9)":{"small":0.0,"normal":0.00506643,"big":0.99493357},"(2008,9)":{"small":0.0,"normal":0.01356769,"big":0.98643231},"(2009,9)":{"small":0.0,"normal":0.00737403,"big":0.99262597},"(2010,11)":{"small":0.0,"normal":0.011756929999999999,"big":0.98824307},"(2010,7)":{"small":0.0,"normal":0.0042328,"big":0.9957672},"(2009,7)":{"small":0.0,"normal":0.0072513,"big":0.9927487},"(2010,5)":{"small":0.0,"normal":0.00698032,"big":0.99301968},"(2008,7)":{"small":0.0,"normal":0.01528813,"big":0.98471187},"(2009,5)":{"small":0.0,"normal":0.01469709,"big":0.98530291},"(2008,5)":{"small":0.0,"normal":0.01715477,"big":0.98284523},"(2011,2)":{"small":0.0,"normal":0.02920057,"big":0.97079943},"(2011,0)":{"small":0.0,"normal":0.01291295,"big":0.98708705},"(2009,2)":{"small":0.0,"normal":0.01143014,"big":0.98856986},"(2010,2)":{"small":0.0,"normal":0.00676681,"big":0.99323319},"(2009,0)":{"small":0.0,"normal":0.01172443,"big":0.98827557},"(2010,0)":{"small":0.0,"normal":0.00684113,"big":0.99315887},"(2008,0)":{"small":0.0,"normal":0.0,"big":1.0},"(2009,11)":{"small":0.0,"normal":0.00694607,"big":0.99305393},"(2008,11)":{"small":0.0,"normal":0.01244036,"big":0.98755964},"(2008,2)":{"small":0.0,"normal":0.0,"big":1.0}}