{"(2009,10)":{"small":0.66771744,"normal":0.33228256,"big":0.0},"(2010,10)":{"small":0.69603467,"normal":0.30396533,"big":0.0},"(2010,6)":{"small":0.69691033,"normal":0.30308967,"big":0.0},"(2009,6)":{"small":0.3182196,"normal":0.6817804,"big":0.0},"(2006,6)":{"small":0.0,"normal":0.72688352,"big":0.27311648},"(2005,6)":{"small":0.0,"normal":0.38646737,"big":0.61353263},"(2008,6)":{"small":0.31932618,"normal":0.68067382,"big":0.0},"(2007,6)":{"small":0.0,"normal":0.8145605,"big":0.1854395},"(2008,1)":{"small":0.0,"normal":1.0,"big":0.0},"(2009,1)":{"small":0.33490163,"normal":0.66509837,"big":0.0},"(2010,1)":{"small":0.68756859,"normal":0.31243141,"big":0.0},"(2011,1)":{"small":0.70560396,"normal":0.29439604,"big":0.0},"(2006,10)":{"small":0.0,"normal":0.80540812,"big":0.19459188},"(2005,1)":{"small":0.0,"normal":0.38287682,"big":0.61712318},"(2005,10)":{"small":0.0,"normal":0.40309636,"big":0.59690364},"(2006,1)":{"small":0.0,"normal":0.54492009,"big":0.45507991},"(2008,10)":{"small":0.32733319,"normal":0.67266681,"big":0.0},"(2007,1)":{"small":0.0,"normal":0.81328348,"big":0.18671652},"(2007,10)":{"small":0.0,"normal":0.95925284,"big":0.04074716},"(2010,11)":{"small":0.69843686,"normal":0.30156314,"big":0.0},"(2010,7)":{"small":0.69403418,"normal":0.30596582,"big":0.0},"(2009,7)":{"small":0.35184032,"normal":0.64815968,"big":0.0},"(2008,7)":{"small":0.32946706,"normal":0.67053294,"big":0.0},"(2007,7)":{"small":0.0,"normal":0.95132584,"big":0.04867416},"(2006,7)":{"small":0.0,"normal":0.73459978,"big":0.26540022},"(2005,7)":{"small":0.0,"normal":0.45470192,"big":0.54529808},"(2011,0)":{"small":0.70339978,"normal":0.29660022,"big":0.0},"(2009,0)":{"small":0.3338167,"normal":0.6661833,"big":0.0},"(2010,0)":{"small":0.67791328,"normal":0.32208672,"big":0.0},"(2007,0)":{"small":0.0,"normal":0.80930494,"big":0.19069506},"(2008,0)":{"small":0.0,"normal":0.96596496,"big":0.03403504},"(2009,11)":{"small":0.67336921,"normal":0.32663079,"big":0.0},"(2006,0)":{"small":0.0,"normal":0.5124684,"big":0.4875316},"(2008,11)":{"small":0.33242037,"normal":0.66757963,"big":0.0},"(2007,11)":{"small":0.0,"normal":0.96320925,"big":0.03679075},"(2006,11)":{"small":0.0,"normal":0.8430062,"big":0.1569938},"(2005,11)":{"small":0.0,"normal":0.49071958,"big":0.50928042},"(2007,8)":{"small":0.0,"normal":0.9549476,"big":0.0450524},"(2011,4)":{"small":0.69390851,"normal":0.30609149,"big":0.0},"(2008,8)":{"small":0.32692251,"normal":0.67307749,"big":0.0},"(2009,8)":{"small":0.64964429,"normal":0.35035571,"big":0.0},"(2010,8)":{"small":0.68855117,"normal":0.31144883,"big":0.0},"(2006,4)":{"small":0.0,"normal":0.69799252,"big":0.30200748},"(2005,4)":{"small":0.0,"normal":0.39822196,"big":0.60177804},"(2008,4)":{"small":0.30311422,"normal":0.69688578,"big":0.0},"(2007,4)":{"small":0.0,"normal":0.82333369,"big":0.17666631},"(2010,4)":{"small":0.69395477,"normal":0.30604523,"big":0.0},"(2009,4)":{"small":0.3238403,"normal":0.6761597,"big":0.0},"(2010,3)":{"small":0.69832835,"normal":0.30167165,"big":0.0},"(2011,3)":{"small":0.70164442,"normal":0.29835558,"big":0.0},"(2005,3)":{"small":0.0,"normal":0.38551026,"big":0.61448974},"(2006,3)":{"small":0.0,"normal":0.59223124,"big":0.40776876},"(2007,3)":{"small":0.0,"normal":0.82181478,"big":0.17818522},"(2006,8)":{"small":0.0,"normal":0.73922213,"big":0.26077787},"(2008,3)":{"small":0.0,"normal":1.0,"big":0.0},"(2009,3)":{"small":0.34083532,"normal":0.65916468,"big":0.0},"(2005,8)":{"small":0.0,"normal":0.47777734,"big":0.52222266},"(2010,9)":{"small":0.6903973,"normal":0.3096027,"big":0.0},"(2008,9)":{"small":0.32835285,"normal":0.67164715,"big":0.0},"(2009,9)":{"small":0.65938866,"normal":0.34061134,"big":0.0},"(2007,5)":{"small":0.0,"normal":0.80759071,"big":0.19240929},"(2006,5)":{"small":0.0,"normal":0.7081094,"big":0.2918906},"(2005,5)":{"small":0.0,"normal":0.36097948,"big":0.63902052},"(2010,5)":{"small":0.69597834,"normal":0.30402166,"big":0.0},"(2009,5)":{"small":0.31815541,"normal":0.68184459,"big":0.0},"(2008,5)":{"small":0.30652,"normal":0.69348,"big":0.0},"(2011,2)":{"small":0.70738635,"normal":0.29261365,"big":0.0},"(2009,2)":{"small":0.34051637,"normal":0.65948363,"big":0.0},"(2010,2)":{"small":0.69376984,"normal":0.30623016,"big":0.0},"(2007,2)":{"small":0.0,"normal":0.82516437,"big":0.17483563},"(2007,9)":{"small":0.0,"normal":0.95808928,"big":0.04191072},"(2006,9)":{"small":0.0,"normal":0.75269569,"big":0.24730431},"(2008,2)":{"small":0.0,"normal":1.0,"big":0.0},"(2005,2)":{"small":0.0,"normal":0.3803564,"big":0.6196436},"(2005,9)":{"small":0.0,"normal":0.43170592,"big":0.56829408},"(2006,2)":{"small":0.0,"normal":0.57760075,"big":0.42239925}}